QR_ID,Vehicle,LongLink,ShortLink,QRPath,Assigned
1,PB10AB1234,https://reneigoscan-form.streamlit.app/?id=1,,QRs\QR_1.png,Yes
2,PB10AB1235,https://reneigoscan-form.streamlit.app/?id=2,,QRs\QR_2.png,Yes
3,PB10AB1236,https://reneigoscan-form.streamlit.app/?id=3,,QRs\QR_3.png,Yes
4,PB10AB5678,https://reneigoscan-form.streamlit.app/?id=4,,QRs\QR_4.png,Yes
5,PB10AB5679,https://reneigoscan-form.streamlit.app/?id=5,,QRs\QR_5.png,Yes
6,PB10AB5680,https://reneigoscan-form.streamlit.app/?id=6,,QRs\QR_6.png,Yes
7,PB10AB5681,https://reneigoscan-form.streamlit.app/?id=7,,QRs\QR_7.png,Yes
8,PB10AB5682,https://reneigoscan-form.streamlit.app/?id=8,,QRs\QR_8.png,Yes
9,PB10AB5683,https://reneigoscan-form.streamlit.app/?id=9,,QRs\QR_9.png,Yes
10,,https://reneigoscan-form.streamlit.app/?id=10,,QRs\QR_10.png,
11,,https://reneigoscan-form.streamlit.app/?id=11,,QRs\QR_11.png,
12,,https://reneigoscan-form.streamlit.app/?id=12,,QRs\QR_12.png,
13,,https://reneigoscan-form.streamlit.app/?id=13,,QRs\QR_13.png,
14,,https://reneigoscan-form.streamlit.app/?id=14,,QRs\QR_14.png,
15,,https://reneigoscan-form.streamlit.app/?id=15,,QRs\QR_15.png,
16,,https://reneigoscan-form.streamlit.app/?id=16,,QRs\QR_16.png,
17,,https://reneigoscan-form.streamlit.app/?id=17,,QRs\QR_17.png,
18,,https://reneigoscan-form.streamlit.app/?id=18,,QRs\QR_18.png,
19,,https://reneigoscan-form.streamlit.app/?id=19,,QRs\QR_19.png,
20,,https://reneigoscan-form.streamlit.app/?id=20,,QRs\QR_20.png,
21,,https://reneigoscan-form.streamlit.app/?id=21,,QRs\QR_21.png,
22,,https://reneigoscan-form.streamlit.app/?id=22,,QRs\QR_22.png,
23,,https://reneigoscan-form.streamlit.app/?id=23,,QRs\QR_23.png,
24,,https://reneigoscan-form.streamlit.app/?id=24,,QRs\QR_24.png,
25,,https://reneigoscan-form.streamlit.app/?id=25,,QRs\QR_25.png,
26,,https://reneigoscan-form.streamlit.app/?id=26,,QRs\QR_26.png,
27,,https://reneigoscan-form.streamlit.app/?id=27,,QRs\QR_27.png,
28,,https://reneigoscan-form.streamlit.app/?id=28,,QRs\QR_28.png,
29,,https://reneigoscan-form.streamlit.app/?id=29,,QRs\QR_29.png,
30,,https://reneigoscan-form.streamlit.app/?id=30,,QRs\QR_30.png,
31,,https://reneigoscan-form.streamlit.app/?id=31,,QRs\QR_31.png,
32,,https://reneigoscan-form.streamlit.app/?id=32,,QRs\QR_32.png,
33,,https://reneigoscan-form.streamlit.app/?id=33,,QRs\QR_33.png,
34,,https://reneigoscan-form.streamlit.app/?id=34,,QRs\QR_34.png,
35,,https://reneigoscan-form.streamlit.app/?id=35,,QRs\QR_35.png,
36,,https://reneigoscan-form.streamlit.app/?id=36,,QRs\QR_36.png,
37,,https://reneigoscan-form.streamlit.app/?id=37,,QRs\QR_37.png,
38,,https://reneigoscan-form.streamlit.app/?id=38,,QRs\QR_38.png,
39,,https://reneigoscan-form.streamlit.app/?id=39,,QRs\QR_39.png,
40,,https://reneigoscan-form.streamlit.app/?id=40,,QRs\QR_40.png,
41,,https://reneigoscan-form.streamlit.app/?id=41,,QRs\QR_41.png,
42,,https://reneigoscan-form.streamlit.app/?id=42,,QRs\QR_42.png,
43,,https://reneigoscan-form.streamlit.app/?id=43,,QRs\QR_43.png,
44,,https://reneigoscan-form.streamlit.app/?id=44,,QRs\QR_44.png,
45,,https://reneigoscan-form.streamlit.app/?id=45,,QRs\QR_45.png,
46,,https://reneigoscan-form.streamlit.app/?id=46,,QRs\QR_46.png,
47,,https://reneigoscan-form.streamlit.app/?id=47,,QRs\QR_47.png,
48,,https://reneigoscan-form.streamlit.app/?id=48,,QRs\QR_48.png,
49,,https://reneigoscan-form.streamlit.app/?id=49,,QRs\QR_49.png,
50,,https://reneigoscan-form.streamlit.app/?id=50,,QRs\QR_50.png,
51,,https://reneigoscan-form.streamlit.app/?id=51,,QRs\QR_51.png,
52,,https://reneigoscan-form.streamlit.app/?id=52,,QRs\QR_52.png,
53,,https://reneigoscan-form.streamlit.app/?id=53,,QRs\QR_53.png,
54,,https://reneigoscan-form.streamlit.app/?id=54,,QRs\QR_54.png,
55,,https://reneigoscan-form.streamlit.app/?id=55,,QRs\QR_55.png,
56,,https://reneigoscan-form.streamlit.app/?id=56,,QRs\QR_56.png,
57,,https://reneigoscan-form.streamlit.app/?id=57,,QRs\QR_57.png,
58,,https://reneigoscan-form.streamlit.app/?id=58,,QRs\QR_58.png,
59,,https://reneigoscan-form.streamlit.app/?id=59,,QRs\QR_59.png,
60,,https://reneigoscan-form.streamlit.app/?id=60,,QRs\QR_60.png,
61,,https://reneigoscan-form.streamlit.app/?id=61,,QRs\QR_61.png,
62,,https://reneigoscan-form.streamlit.app/?id=62,,QRs\QR_62.png,
63,,https://reneigoscan-form.streamlit.app/?id=63,,QRs\QR_63.png,
64,,https://reneigoscan-form.streamlit.app/?id=64,,QRs\QR_64.png,
65,,https://reneigoscan-form.streamlit.app/?id=65,,QRs\QR_65.png,
66,,https://reneigoscan-form.streamlit.app/?id=66,,QRs\QR_66.png,
67,,https://reneigoscan-form.streamlit.app/?id=67,,QRs\QR_67.png,
68,,https://reneigoscan-form.streamlit.app/?id=68,,QRs\QR_68.png,
69,,https://reneigoscan-form.streamlit.app/?id=69,,QRs\QR_69.png,
70,,https://reneigoscan-form.streamlit.app/?id=70,,QRs\QR_70.png,
71,,https://reneigoscan-form.streamlit.app/?id=71,,QRs\QR_71.png,
72,,https://reneigoscan-form.streamlit.app/?id=72,,QRs\QR_72.png,
73,,https://reneigoscan-form.streamlit.app/?id=73,,QRs\QR_73.png,
74,,https://reneigoscan-form.streamlit.app/?id=74,,QRs\QR_74.png,
75,,https://reneigoscan-form.streamlit.app/?id=75,,QRs\QR_75.png,
76,,https://reneigoscan-form.streamlit.app/?id=76,,QRs\QR_76.png,
77,,https://reneigoscan-form.streamlit.app/?id=77,,QRs\QR_77.png,
78,,https://reneigoscan-form.streamlit.app/?id=78,,QRs\QR_78.png,
79,,https://reneigoscan-form.streamlit.app/?id=79,,QRs\QR_79.png,
80,,https://reneigoscan-form.streamlit.app/?id=80,,QRs\QR_80.png,
81,,https://reneigoscan-form.streamlit.app/?id=81,,QRs\QR_81.png,
82,,https://reneigoscan-form.streamlit.app/?id=82,,QRs\QR_82.png,
83,,https://reneigoscan-form.streamlit.app/?id=83,,QRs\QR_83.png,
84,,https://reneigoscan-form.streamlit.app/?id=84,,QRs\QR_84.png,
85,,https://reneigoscan-form.streamlit.app/?id=85,,QRs\QR_85.png,
86,,https://reneigoscan-form.streamlit.app/?id=86,,QRs\QR_86.png,
87,,https://reneigoscan-form.streamlit.app/?id=87,,QRs\QR_87.png,
88,,https://reneigoscan-form.streamlit.app/?id=88,,QRs\QR_88.png,
89,,https://reneigoscan-form.streamlit.app/?id=89,,QRs\QR_89.png,
90,,https://reneigoscan-form.streamlit.app/?id=90,,QRs\QR_90.png,
91,,https://reneigoscan-form.streamlit.app/?id=91,,QRs\QR_91.png,
92,,https://reneigoscan-form.streamlit.app/?id=92,,QRs\QR_92.png,
93,,https://reneigoscan-form.streamlit.app/?id=93,,QRs\QR_93.png,
94,,https://reneigoscan-form.streamlit.app/?id=94,,QRs\QR_94.png,
95,,https://reneigoscan-form.streamlit.app/?id=95,,QRs\QR_95.png,
96,,https://reneigoscan-form.streamlit.app/?id=96,,QRs\QR_96.png,
97,,https://reneigoscan-form.streamlit.app/?id=97,,QRs\QR_97.png,
98,,https://reneigoscan-form.streamlit.app/?id=98,,QRs\QR_98.png,
99,,https://reneigoscan-form.streamlit.app/?id=99,,QRs\QR_99.png,
100,,https://reneigoscan-form.streamlit.app/?id=100,,QRs\QR_100.png,
